Condition,Average SNR,Lowest SNR Pose,Lowest SNR Value,Highest Std Pose,Highest Std Value
20250911_node1_node4,28.271634619510763,3,5.481677930092647,3,12.40669632490966
20250911_node1_node5,20.669786233800426,2,3.717146457820109,4,12.91056620236165
20250911_node1_node6,4.228810750024028,2,0.14302023549105766,5,59.109224812205234
20250911_node2_node4,22.028372900721543,1,3.0453697906894104,5,19.519620181180795
20250911_node2_node5,7.023311577787806,2,3.0025573367694083,5,102.94296443573155
20250911_node2_node6,9.04582510317114,2,0.9477535906996535,5,22.49764229344971
20250911_node3_node4,20.158680428887138,4,5.965349577564994,5,23.521106825470365
20250911_node3_node5,13.383577484324746,1,3.030984076248525,4,28.144068656282716
20250911_node3_node6,20.95508910635935,2,0.5340053665708001,2,22.034086043238016
