Condition,Pose,Abs Max ΔC (pF),Std ΔC (pF),SNR
09282025_Single_Hand,1,-26.545490296432362,1.2128220507828524,21.8873743920617
09282025_Single_Hand,2,69.6196771462842,1.55234549610917,44.84805561698756
09282025_Single_Hand,3,244.95699320252152,31.636238871469807,7.742923999206133
09282025_Single_Hand,4,-337.2361532161059,25.53019812498939,13.209304195959742
09282025_Single_Hand,5,352.4385316409902,38.92680847979578,9.053876888569397
