{
  "0,0": 40000.67639845237,
  "0,1": 90000.556130545214,
  "0,2": 70000.52833962813,
  "0,3": 70000.0,
  "1,0": 70000.0,
  "1,1": 90000.0,
  "1,2": 80000.0,
  "1,3": 80000.0,
  "2,0": 70000.0,
  "2,1": 90000.0,
  "2,2": 80000.0,
  "2,3": 80000.0,
  "3,0": 70000.0,
  "3,1": 90000.0,
  "3,2": 80000.0,
  "3,3": 80000.0
}