Condition,Pose,Abs Max ΔC (pF),Std ΔC (pF),SNR
09282025_Single_Hand,1,-27.278810720171823,1.246943695595877,21.876537662862233
09282025_Single_Hand,2,41.4810248965612,0.9947787522114399,41.69874437340658
09282025_Single_Hand,3,226.92649899965727,17.626806616011383,12.87394273637334
09282025_Single_Hand,4,-367.185023631039,13.633551262069927,26.932456303779706
09282025_Single_Hand,5,337.3881094503294,20.62578139460123,16.357591646861938
