Condition,Pose,Abs Max ΔC (pF),Std ΔC (pF),SNR
09282025_Single_Hand,1,-27.390712891553374,0.9331231847530808,29.353801662104658
09282025_Single_Hand,2,69.04785325069584,0.8255256485854671,83.64107568191115
09282025_Single_Hand,3,227.80790834809054,18.390706643232306,12.387120993630921
09282025_Single_Hand,4,-331.99296934522016,26.34876204477125,12.599945636197438
09282025_Single_Hand,5,330.5448604220919,18.305142490610702,18.057486337057416
